{
    "chart": {
      "caption": "Technologies used [2017-18]",
      "subCaption": "UI and Backend tech stack",
      "xAxisName": "Tech Stack",
      "yAxisName": "Number of User Cases",
      "theme": "fusion"
    },
    "data": [
      {
        "label": "v3.0",
        "value": "10"
      },
      {
        "label": "v2.5",
        "value": "50"
      },
      {
        "label": "v2.0",
        "value": "25"
      },
      {
        "label": "React",
        "value": "60"
      },
      {
        "label": "JSP",
        "value": "20"
      }
    ]
  }